{
    "app_version": 0,
    "description": "",
    "dt_creation": "20131206221737",
    "dt_modification": "20131206221737",
    "id": 1,
    "list_all_entities": [
        {
            "app_version": 0,
            "description": "",
            "dt_creation": "20131206221810",
            "dt_modification": "20140617214144",
            "id": 1,
            "is_abstract": false,
            "is_read_only": false,
            "key": "",
            "list_functions": null,
            "list_functions_static": null,
            "list_meta_data": null,
            "list_properties": [
                {
                    "accessibility": "protected",
                    "allow_null": false,
                    "app_version": 0,
                    "column_name": "",
                    "description": "",
                    "dt_creation": "20131206221810",
                    "dt_modification": "20140617214144",
                    "entity_id": {
                        "id": 1
                    },
                    "force_sql_alias": "",
                    "force_sql_type": "",
                    "format": "",
                    "get_method": "",
                    "id": 1,
                    "is_index": true,
                    "is_obsolete": false,
                    "is_primary_key": true,
                    "is_read_only": false,
                    "is_serializable": true,
                    "is_transient": false,
                    "is_unique": false,
                    "key": "",
                    "list_meta_data": null,
                    "max_length": "",
                    "max_value": "",
                    "min_length": "",
                    "min_value": "",
                    "name": "author_id",
                    "order_level": 0,
                    "project_version": 0,
                    "property_type_id": {
                        "app_version": 0,
                        "collection": "",
                        "decoration": "",
                        "default_value": "",
                        "dt_creation": "20131206221810",
                        "dt_modification": "20140617214144",
                        "entity_id": null,
                        "enumeration_id": null,
                        "id": 1,
                        "list_meta_data": null,
                        "primitive_type": "long",
                        "property_id": {
                            "id": 1
                        },
                        "user_id_creation": 0,
                        "user_id_modification": 0
                    },
                    "qt_property": "",
                    "reg_exp": "",
                    "relation_id": null,
                    "set_method": "",
                    "user_id_creation": 0,
                    "user_id_modification": 0,
                    "version": 0,
                    "write_accessors": true
                },
                {
                    "accessibility": "protected",
                    "allow_null": true,
                    "app_version": 0,
                    "column_name": "",
                    "description": "",
                    "dt_creation": "20131206221810",
                    "dt_modification": "20140617214144",
                    "entity_id": {
                        "id": 1
                    },
                    "force_sql_alias": "",
                    "force_sql_type": "",
                    "format": "",
                    "get_method": "",
                    "id": 2,
                    "is_index": false,
                    "is_obsolete": false,
                    "is_primary_key": false,
                    "is_read_only": false,
                    "is_serializable": true,
                    "is_transient": false,
                    "is_unique": false,
                    "key": "",
                    "list_meta_data": null,
                    "max_length": "",
                    "max_value": "",
                    "min_length": "",
                    "min_value": "",
                    "name": "firstname",
                    "order_level": 1,
                    "project_version": 0,
                    "property_type_id": {
                        "app_version": 0,
                        "collection": "",
                        "decoration": "",
                        "default_value": "",
                        "dt_creation": "20131206221810",
                        "dt_modification": "20140617214144",
                        "entity_id": null,
                        "enumeration_id": null,
                        "id": 2,
                        "list_meta_data": null,
                        "primitive_type": "QString",
                        "property_id": {
                            "id": 2
                        },
                        "user_id_creation": 0,
                        "user_id_modification": 0
                    },
                    "qt_property": "",
                    "reg_exp": "",
                    "relation_id": null,
                    "set_method": "",
                    "user_id_creation": 0,
                    "user_id_modification": 0,
                    "version": 0,
                    "write_accessors": true
                },
                {
                    "accessibility": "protected",
                    "allow_null": true,
                    "app_version": 0,
                    "column_name": "",
                    "description": "",
                    "dt_creation": "20131206221810",
                    "dt_modification": "20140617214144",
                    "entity_id": {
                        "id": 1
                    },
                    "force_sql_alias": "",
                    "force_sql_type": "",
                    "format": "",
                    "get_method": "",
                    "id": 3,
                    "is_index": true,
                    "is_obsolete": false,
                    "is_primary_key": false,
                    "is_read_only": false,
                    "is_serializable": true,
                    "is_transient": false,
                    "is_unique": false,
                    "key": "",
                    "list_meta_data": null,
                    "max_length": "",
                    "max_value": "",
                    "min_length": "",
                    "min_value": "",
                    "name": "lastname",
                    "order_level": 2,
                    "project_version": 0,
                    "property_type_id": {
                        "app_version": 0,
                        "collection": "",
                        "decoration": "",
                        "default_value": "",
                        "dt_creation": "20131206221810",
                        "dt_modification": "20140617214144",
                        "entity_id": null,
                        "enumeration_id": null,
                        "id": 3,
                        "list_meta_data": null,
                        "primitive_type": "QString",
                        "property_id": {
                            "id": 3
                        },
                        "user_id_creation": 0,
                        "user_id_modification": 0
                    },
                    "qt_property": "",
                    "reg_exp": "",
                    "relation_id": null,
                    "set_method": "",
                    "user_id_creation": 0,
                    "user_id_modification": 0,
                    "version": 0,
                    "write_accessors": true
                },
                {
                    "accessibility": "protected",
                    "allow_null": true,
                    "app_version": 0,
                    "column_name": "",
                    "description": "",
                    "dt_creation": "20131206221810",
                    "dt_modification": "20140617214144",
                    "entity_id": {
                        "id": 1
                    },
                    "force_sql_alias": "",
                    "force_sql_type": "",
                    "format": "",
                    "get_method": "",
                    "id": 4,
                    "is_index": true,
                    "is_obsolete": false,
                    "is_primary_key": false,
                    "is_read_only": false,
                    "is_serializable": true,
                    "is_transient": false,
                    "is_unique": false,
                    "key": "",
                    "list_meta_data": null,
                    "max_length": "",
                    "max_value": "",
                    "min_length": "",
                    "min_value": "",
                    "name": "birthdate",
                    "order_level": 3,
                    "project_version": 0,
                    "property_type_id": {
                        "app_version": 0,
                        "collection": "",
                        "decoration": "",
                        "default_value": "",
                        "dt_creation": "20131206221810",
                        "dt_modification": "20140617214144",
                        "entity_id": null,
                        "enumeration_id": null,
                        "id": 4,
                        "list_meta_data": null,
                        "primitive_type": "QDateTime",
                        "property_id": {
                            "id": 4
                        },
                        "user_id_creation": 0,
                        "user_id_modification": 0
                    },
                    "qt_property": "",
                    "reg_exp": "",
                    "relation_id": null,
                    "set_method": "",
                    "user_id_creation": 0,
                    "user_id_modification": 0,
                    "version": 0,
                    "write_accessors": true
                },
                {
                    "accessibility": "protected",
                    "allow_null": true,
                    "app_version": 0,
                    "column_name": "",
                    "description": "",
                    "dt_creation": "20131206221810",
                    "dt_modification": "20140617214144",
                    "entity_id": {
                        "id": 1
                    },
                    "force_sql_alias": "",
                    "force_sql_type": "",
                    "format": "",
                    "get_method": "",
                    "id": 5,
                    "is_index": false,
                    "is_obsolete": false,
                    "is_primary_key": false,
                    "is_read_only": false,
                    "is_serializable": true,
                    "is_transient": false,
                    "is_unique": false,
                    "key": "",
                    "list_meta_data": null,
                    "max_length": "",
                    "max_value": "",
                    "min_length": "",
                    "min_value": "",
                    "name": "sex",
                    "order_level": 4,
                    "project_version": 0,
                    "property_type_id": {
                        "app_version": 0,
                        "collection": "",
                        "decoration": "",
                        "default_value": "",
                        "dt_creation": "20131206221810",
                        "dt_modification": "20140617214144",
                        "entity_id": null,
                        "enumeration_id": {
                            "id": 1
                        },
                        "id": 5,
                        "list_meta_data": null,
                        "primitive_type": "sex::enum_sex",
                        "property_id": {
                            "id": 5
                        },
                        "user_id_creation": 0,
                        "user_id_modification": 0
                    },
                    "qt_property": "",
                    "reg_exp": "",
                    "relation_id": null,
                    "set_method": "",
                    "user_id_creation": 0,
                    "user_id_modification": 0,
                    "version": 0,
                    "write_accessors": true
                },
                {
                    "accessibility": "protected",
                    "allow_null": true,
                    "app_version": 0,
                    "column_name": "",
                    "description": "",
                    "dt_creation": "20131206222031",
                    "dt_modification": "20170530214124",
                    "entity_id": {
                        "id": 1
                    },
                    "force_sql_alias": "",
                    "force_sql_type": "",
                    "format": "",
                    "get_method": "",
                    "id": 18,
                    "is_index": false,
                    "is_obsolete": false,
                    "is_primary_key": false,
                    "is_read_only": false,
                    "is_serializable": true,
                    "is_transient": false,
                    "is_unique": false,
                    "key": "",
                    "list_meta_data": null,
                    "max_length": "",
                    "max_value": "",
                    "min_length": "",
                    "min_value": "",
                    "name": "list_of_blog",
                    "order_level": 17,
                    "project_version": 0,
                    "property_type_id": {
                        "app_version": 0,
                        "collection": "qx::QxCollection",
                        "decoration": "std::shared_ptr",
                        "default_value": "",
                        "dt_creation": "20131206222031",
                        "dt_modification": "20170530214124",
                        "entity_id": {
                            "id": 4
                        },
                        "enumeration_id": null,
                        "id": 18,
                        "list_meta_data": null,
                        "primitive_type": "",
                        "property_id": {
                            "id": 18
                        },
                        "user_id_creation": 0,
                        "user_id_modification": 0
                    },
                    "qt_property": "",
                    "reg_exp": "",
                    "relation_id": {
                        "app_version": 0,
                        "dt_creation": "20131206222031",
                        "dt_modification": "20170530214124",
                        "extra_table": "",
                        "foreign_key": "author",
                        "foreign_key_owner": "",
                        "id": 2,
                        "inverse_property_id": {
                            "id": 15
                        },
                        "list_meta_data": null,
                        "property_id": {
                            "id": 18
                        },
                        "type_relation": "one-to-many",
                        "user_id_creation": 0,
                        "user_id_modification": 0
                    },
                    "set_method": "",
                    "user_id_creation": 0,
                    "user_id_modification": 0,
                    "version": 0,
                    "write_accessors": true
                }
            ],
            "name": "author",
            "namespace": "",
            "parent_id": null,
            "project_id": {
                "id": 1
            },
            "project_version": 0,
            "property_id": {
                "accessibility": "protected",
                "allow_null": false,
                "app_version": 0,
                "column_name": "",
                "description": "",
                "dt_creation": "20131206221810",
                "dt_modification": "20140617214144",
                "entity_id": {
                    "id": 1
                },
                "force_sql_alias": "",
                "force_sql_type": "",
                "format": "",
                "get_method": "",
                "id": 1,
                "is_index": true,
                "is_obsolete": false,
                "is_primary_key": true,
                "is_read_only": false,
                "is_serializable": true,
                "is_transient": false,
                "is_unique": false,
                "key": "",
                "list_meta_data": null,
                "max_length": "",
                "max_value": "",
                "min_length": "",
                "min_value": "",
                "name": "author_id",
                "order_level": 0,
                "project_version": 0,
                "property_type_id": {
                    "app_version": 0,
                    "collection": "",
                    "decoration": "",
                    "default_value": "",
                    "dt_creation": "20131206221810",
                    "dt_modification": "20140617214144",
                    "entity_id": null,
                    "enumeration_id": null,
                    "id": 1,
                    "list_meta_data": null,
                    "primitive_type": "long",
                    "property_id": {
                        "id": 1
                    },
                    "user_id_creation": 0,
                    "user_id_modification": 0
                },
                "qt_property": "",
                "reg_exp": "",
                "relation_id": null,
                "set_method": "",
                "user_id_creation": 0,
                "user_id_modification": 0,
                "version": 0,
                "write_accessors": true
            },
            "soft_delete_column": "",
            "table_name": "t_author",
            "trigger_after_delete": false,
            "trigger_after_fetch": false,
            "trigger_after_insert": false,
            "trigger_after_update": false,
            "trigger_before_delete": false,
            "trigger_before_fetch": false,
            "trigger_before_insert": false,
            "trigger_before_update": false,
            "user_id_creation": 0,
            "user_id_modification": 0,
            "validator_method": "",
            "version": 0
        },
        {
            "app_version": 0,
            "description": "",
            "dt_creation": "20131206222031",
            "dt_modification": "20140617214043",
            "id": 4,
            "is_abstract": false,
            "is_read_only": false,
            "key": "",
            "list_functions": null,
            "list_functions_static": null,
            "list_meta_data": null,
            "list_properties": [
                {
                    "accessibility": "protected",
                    "allow_null": false,
                    "app_version": 0,
                    "column_name": "",
                    "description": "",
                    "dt_creation": "20131206222031",
                    "dt_modification": "20140617214043",
                    "entity_id": {
                        "id": 4
                    },
                    "force_sql_alias": "",
                    "force_sql_type": "",
                    "format": "",
                    "get_method": "",
                    "id": 12,
                    "is_index": true,
                    "is_obsolete": false,
                    "is_primary_key": true,
                    "is_read_only": false,
                    "is_serializable": true,
                    "is_transient": false,
                    "is_unique": false,
                    "key": "",
                    "list_meta_data": null,
                    "max_length": "",
                    "max_value": "",
                    "min_length": "",
                    "min_value": "",
                    "name": "blog_id",
                    "order_level": 11,
                    "project_version": 0,
                    "property_type_id": {
                        "app_version": 0,
                        "collection": "",
                        "decoration": "",
                        "default_value": "",
                        "dt_creation": "20131206222031",
                        "dt_modification": "20140617214043",
                        "entity_id": null,
                        "enumeration_id": null,
                        "id": 12,
                        "list_meta_data": null,
                        "primitive_type": "long",
                        "property_id": {
                            "id": 12
                        },
                        "user_id_creation": 0,
                        "user_id_modification": 0
                    },
                    "qt_property": "",
                    "reg_exp": "",
                    "relation_id": null,
                    "set_method": "",
                    "user_id_creation": 0,
                    "user_id_modification": 0,
                    "version": 0,
                    "write_accessors": true
                },
                {
                    "accessibility": "protected",
                    "allow_null": false,
                    "app_version": 0,
                    "column_name": "",
                    "description": "",
                    "dt_creation": "20131206222031",
                    "dt_modification": "20140617214043",
                    "entity_id": {
                        "id": 4
                    },
                    "force_sql_alias": "",
                    "force_sql_type": "",
                    "format": "",
                    "get_method": "",
                    "id": 13,
                    "is_index": true,
                    "is_obsolete": false,
                    "is_primary_key": false,
                    "is_read_only": false,
                    "is_serializable": true,
                    "is_transient": false,
                    "is_unique": false,
                    "key": "",
                    "list_meta_data": null,
                    "max_length": "",
                    "max_value": "",
                    "min_length": "",
                    "min_value": "",
                    "name": "title",
                    "order_level": 12,
                    "project_version": 0,
                    "property_type_id": {
                        "app_version": 0,
                        "collection": "",
                        "decoration": "",
                        "default_value": "",
                        "dt_creation": "20131206222031",
                        "dt_modification": "20140617214043",
                        "entity_id": null,
                        "enumeration_id": null,
                        "id": 13,
                        "list_meta_data": null,
                        "primitive_type": "QString",
                        "property_id": {
                            "id": 13
                        },
                        "user_id_creation": 0,
                        "user_id_modification": 0
                    },
                    "qt_property": "",
                    "reg_exp": "",
                    "relation_id": null,
                    "set_method": "",
                    "user_id_creation": 0,
                    "user_id_modification": 0,
                    "version": 0,
                    "write_accessors": true
                },
                {
                    "accessibility": "protected",
                    "allow_null": true,
                    "app_version": 0,
                    "column_name": "",
                    "description": "",
                    "dt_creation": "20131206222031",
                    "dt_modification": "20140617214043",
                    "entity_id": {
                        "id": 4
                    },
                    "force_sql_alias": "",
                    "force_sql_type": "",
                    "format": "",
                    "get_method": "",
                    "id": 14,
                    "is_index": false,
                    "is_obsolete": false,
                    "is_primary_key": false,
                    "is_read_only": false,
                    "is_serializable": true,
                    "is_transient": false,
                    "is_unique": false,
                    "key": "",
                    "list_meta_data": null,
                    "max_length": "",
                    "max_value": "",
                    "min_length": "",
                    "min_value": "",
                    "name": "text",
                    "order_level": 13,
                    "project_version": 0,
                    "property_type_id": {
                        "app_version": 0,
                        "collection": "",
                        "decoration": "",
                        "default_value": "",
                        "dt_creation": "20131206222031",
                        "dt_modification": "20140617214043",
                        "entity_id": null,
                        "enumeration_id": null,
                        "id": 14,
                        "list_meta_data": null,
                        "primitive_type": "QString",
                        "property_id": {
                            "id": 14
                        },
                        "user_id_creation": 0,
                        "user_id_modification": 0
                    },
                    "qt_property": "",
                    "reg_exp": "",
                    "relation_id": null,
                    "set_method": "",
                    "user_id_creation": 0,
                    "user_id_modification": 0,
                    "version": 0,
                    "write_accessors": true
                },
                {
                    "accessibility": "protected",
                    "allow_null": true,
                    "app_version": 0,
                    "column_name": "",
                    "description": "",
                    "dt_creation": "20131206222031",
                    "dt_modification": "20170530214059",
                    "entity_id": {
                        "id": 4
                    },
                    "force_sql_alias": "",
                    "force_sql_type": "",
                    "format": "",
                    "get_method": "",
                    "id": 15,
                    "is_index": false,
                    "is_obsolete": false,
                    "is_primary_key": false,
                    "is_read_only": false,
                    "is_serializable": true,
                    "is_transient": false,
                    "is_unique": false,
                    "key": "",
                    "list_meta_data": null,
                    "max_length": "",
                    "max_value": "",
                    "min_length": "",
                    "min_value": "",
                    "name": "author",
                    "order_level": 14,
                    "project_version": 0,
                    "property_type_id": {
                        "app_version": 0,
                        "collection": "qx::QxCollection",
                        "decoration": "std::shared_ptr",
                        "default_value": "",
                        "dt_creation": "20131206222031",
                        "dt_modification": "20170530214059",
                        "entity_id": {
                            "id": 1
                        },
                        "enumeration_id": null,
                        "id": 15,
                        "list_meta_data": null,
                        "primitive_type": "",
                        "property_id": {
                            "id": 15
                        },
                        "user_id_creation": 0,
                        "user_id_modification": 0
                    },
                    "qt_property": "",
                    "reg_exp": "",
                    "relation_id": {
                        "app_version": 0,
                        "dt_creation": "20131206222031",
                        "dt_modification": "20170530214059",
                        "extra_table": "",
                        "foreign_key": "",
                        "foreign_key_owner": "",
                        "id": 1,
                        "inverse_property_id": {
                            "id": 18
                        },
                        "list_meta_data": null,
                        "property_id": {
                            "id": 15
                        },
                        "type_relation": "many-to-one",
                        "user_id_creation": 0,
                        "user_id_modification": 0
                    },
                    "set_method": "",
                    "user_id_creation": 0,
                    "user_id_modification": 0,
                    "version": 0,
                    "write_accessors": true
                },
                {
                    "accessibility": "protected",
                    "allow_null": true,
                    "app_version": 0,
                    "column_name": "",
                    "description": "",
                    "dt_creation": "20131206222031",
                    "dt_modification": "20170530214106",
                    "entity_id": {
                        "id": 4
                    },
                    "force_sql_alias": "",
                    "force_sql_type": "",
                    "format": "",
                    "get_method": "",
                    "id": 16,
                    "is_index": false,
                    "is_obsolete": false,
                    "is_primary_key": false,
                    "is_read_only": false,
                    "is_serializable": true,
                    "is_transient": false,
                    "is_unique": false,
                    "key": "",
                    "list_meta_data": null,
                    "max_length": "",
                    "max_value": "",
                    "min_length": "",
                    "min_value": "",
                    "name": "list_of_comment",
                    "order_level": 15,
                    "project_version": 0,
                    "property_type_id": {
                        "app_version": 0,
                        "collection": "qx::QxCollection",
                        "decoration": "std::shared_ptr",
                        "default_value": "",
                        "dt_creation": "20131206222031",
                        "dt_modification": "20170530214106",
                        "entity_id": {
                            "id": 3
                        },
                        "enumeration_id": null,
                        "id": 16,
                        "list_meta_data": null,
                        "primitive_type": "",
                        "property_id": {
                            "id": 16
                        },
                        "user_id_creation": 0,
                        "user_id_modification": 0
                    },
                    "qt_property": "",
                    "reg_exp": "",
                    "relation_id": {
                        "app_version": 0,
                        "dt_creation": "20131206222031",
                        "dt_modification": "20170530214106",
                        "extra_table": "",
                        "foreign_key": "blog_id",
                        "foreign_key_owner": "",
                        "id": 3,
                        "inverse_property_id": {
                            "id": 19
                        },
                        "list_meta_data": null,
                        "property_id": {
                            "id": 16
                        },
                        "type_relation": "one-to-many",
                        "user_id_creation": 0,
                        "user_id_modification": 0
                    },
                    "set_method": "",
                    "user_id_creation": 0,
                    "user_id_modification": 0,
                    "version": 0,
                    "write_accessors": true
                },
                {
                    "accessibility": "protected",
                    "allow_null": true,
                    "app_version": 0,
                    "column_name": "",
                    "description": "",
                    "dt_creation": "20131206222031",
                    "dt_modification": "20170530214112",
                    "entity_id": {
                        "id": 4
                    },
                    "force_sql_alias": "",
                    "force_sql_type": "",
                    "format": "",
                    "get_method": "",
                    "id": 17,
                    "is_index": false,
                    "is_obsolete": false,
                    "is_primary_key": false,
                    "is_read_only": false,
                    "is_serializable": true,
                    "is_transient": false,
                    "is_unique": false,
                    "key": "",
                    "list_meta_data": null,
                    "max_length": "",
                    "max_value": "",
                    "min_length": "",
                    "min_value": "",
                    "name": "list_of_category",
                    "order_level": 16,
                    "project_version": 0,
                    "property_type_id": {
                        "app_version": 0,
                        "collection": "qx::QxCollection",
                        "decoration": "std::shared_ptr",
                        "default_value": "",
                        "dt_creation": "20131206222031",
                        "dt_modification": "20170530214112",
                        "entity_id": {
                            "id": 2
                        },
                        "enumeration_id": null,
                        "id": 17,
                        "list_meta_data": null,
                        "primitive_type": "",
                        "property_id": {
                            "id": 17
                        },
                        "user_id_creation": 0,
                        "user_id_modification": 0
                    },
                    "qt_property": "",
                    "reg_exp": "",
                    "relation_id": {
                        "app_version": 0,
                        "dt_creation": "20131206222031",
                        "dt_modification": "20170530214112",
                        "extra_table": "t_qxee_blog_category",
                        "foreign_key": "blog_id",
                        "foreign_key_owner": "category_id",
                        "id": 5,
                        "inverse_property_id": {
                            "id": 20
                        },
                        "list_meta_data": null,
                        "property_id": {
                            "id": 17
                        },
                        "type_relation": "many-to-many",
                        "user_id_creation": 0,
                        "user_id_modification": 0
                    },
                    "set_method": "",
                    "user_id_creation": 0,
                    "user_id_modification": 0,
                    "version": 0,
                    "write_accessors": true
                }
            ],
            "name": "blog",
            "namespace": "",
            "parent_id": null,
            "project_id": {
                "id": 1
            },
            "project_version": 0,
            "property_id": {
                "accessibility": "protected",
                "allow_null": false,
                "app_version": 0,
                "column_name": "",
                "description": "",
                "dt_creation": "20131206222031",
                "dt_modification": "20140617214043",
                "entity_id": {
                    "id": 4
                },
                "force_sql_alias": "",
                "force_sql_type": "",
                "format": "",
                "get_method": "",
                "id": 12,
                "is_index": true,
                "is_obsolete": false,
                "is_primary_key": true,
                "is_read_only": false,
                "is_serializable": true,
                "is_transient": false,
                "is_unique": false,
                "key": "",
                "list_meta_data": null,
                "max_length": "",
                "max_value": "",
                "min_length": "",
                "min_value": "",
                "name": "blog_id",
                "order_level": 11,
                "project_version": 0,
                "property_type_id": {
                    "app_version": 0,
                    "collection": "",
                    "decoration": "",
                    "default_value": "",
                    "dt_creation": "20131206222031",
                    "dt_modification": "20140617214043",
                    "entity_id": null,
                    "enumeration_id": null,
                    "id": 12,
                    "list_meta_data": null,
                    "primitive_type": "long",
                    "property_id": {
                        "id": 12
                    },
                    "user_id_creation": 0,
                    "user_id_modification": 0
                },
                "qt_property": "",
                "reg_exp": "",
                "relation_id": null,
                "set_method": "",
                "user_id_creation": 0,
                "user_id_modification": 0,
                "version": 0,
                "write_accessors": true
            },
            "soft_delete_column": "",
            "table_name": "t_blog",
            "trigger_after_delete": false,
            "trigger_after_fetch": false,
            "trigger_after_insert": false,
            "trigger_after_update": false,
            "trigger_before_delete": false,
            "trigger_before_fetch": false,
            "trigger_before_insert": false,
            "trigger_before_update": false,
            "user_id_creation": 0,
            "user_id_modification": 0,
            "validator_method": "",
            "version": 0
        },
        {
            "app_version": 0,
            "description": "",
            "dt_creation": "20131206221933",
            "dt_modification": "20140617214115",
            "id": 2,
            "is_abstract": false,
            "is_read_only": false,
            "key": "",
            "list_functions": null,
            "list_functions_static": null,
            "list_meta_data": null,
            "list_properties": [
                {
                    "accessibility": "protected",
                    "allow_null": false,
                    "app_version": 0,
                    "column_name": "",
                    "description": "",
                    "dt_creation": "20131206221933",
                    "dt_modification": "20140617214115",
                    "entity_id": {
                        "id": 2
                    },
                    "force_sql_alias": "",
                    "force_sql_type": "",
                    "format": "",
                    "get_method": "",
                    "id": 6,
                    "is_index": true,
                    "is_obsolete": false,
                    "is_primary_key": true,
                    "is_read_only": false,
                    "is_serializable": true,
                    "is_transient": false,
                    "is_unique": false,
                    "key": "",
                    "list_meta_data": null,
                    "max_length": "",
                    "max_value": "",
                    "min_length": "",
                    "min_value": "",
                    "name": "category_id",
                    "order_level": 5,
                    "project_version": 0,
                    "property_type_id": {
                        "app_version": 0,
                        "collection": "",
                        "decoration": "",
                        "default_value": "",
                        "dt_creation": "20131206221933",
                        "dt_modification": "20140617214115",
                        "entity_id": null,
                        "enumeration_id": null,
                        "id": 6,
                        "list_meta_data": null,
                        "primitive_type": "QString",
                        "property_id": {
                            "id": 6
                        },
                        "user_id_creation": 0,
                        "user_id_modification": 0
                    },
                    "qt_property": "",
                    "reg_exp": "",
                    "relation_id": null,
                    "set_method": "",
                    "user_id_creation": 0,
                    "user_id_modification": 0,
                    "version": 0,
                    "write_accessors": true
                },
                {
                    "accessibility": "protected",
                    "allow_null": true,
                    "app_version": 0,
                    "column_name": "",
                    "description": "",
                    "dt_creation": "20131206221933",
                    "dt_modification": "20140617214115",
                    "entity_id": {
                        "id": 2
                    },
                    "force_sql_alias": "",
                    "force_sql_type": "",
                    "format": "",
                    "get_method": "",
                    "id": 7,
                    "is_index": false,
                    "is_obsolete": false,
                    "is_primary_key": false,
                    "is_read_only": false,
                    "is_serializable": true,
                    "is_transient": false,
                    "is_unique": false,
                    "key": "",
                    "list_meta_data": null,
                    "max_length": "",
                    "max_value": "",
                    "min_length": "",
                    "min_value": "",
                    "name": "name",
                    "order_level": 6,
                    "project_version": 0,
                    "property_type_id": {
                        "app_version": 0,
                        "collection": "",
                        "decoration": "",
                        "default_value": "",
                        "dt_creation": "20131206221933",
                        "dt_modification": "20140617214115",
                        "entity_id": null,
                        "enumeration_id": null,
                        "id": 7,
                        "list_meta_data": null,
                        "primitive_type": "QString",
                        "property_id": {
                            "id": 7
                        },
                        "user_id_creation": 0,
                        "user_id_modification": 0
                    },
                    "qt_property": "",
                    "reg_exp": "",
                    "relation_id": null,
                    "set_method": "",
                    "user_id_creation": 0,
                    "user_id_modification": 0,
                    "version": 0,
                    "write_accessors": true
                },
                {
                    "accessibility": "protected",
                    "allow_null": true,
                    "app_version": 0,
                    "column_name": "",
                    "description": "",
                    "dt_creation": "20131206221933",
                    "dt_modification": "20140617214115",
                    "entity_id": {
                        "id": 2
                    },
                    "force_sql_alias": "",
                    "force_sql_type": "",
                    "format": "",
                    "get_method": "",
                    "id": 8,
                    "is_index": false,
                    "is_obsolete": false,
                    "is_primary_key": false,
                    "is_read_only": false,
                    "is_serializable": true,
                    "is_transient": false,
                    "is_unique": false,
                    "key": "",
                    "list_meta_data": null,
                    "max_length": "",
                    "max_value": "",
                    "min_length": "",
                    "min_value": "",
                    "name": "description",
                    "order_level": 7,
                    "project_version": 0,
                    "property_type_id": {
                        "app_version": 0,
                        "collection": "",
                        "decoration": "",
                        "default_value": "",
                        "dt_creation": "20131206221933",
                        "dt_modification": "20140617214115",
                        "entity_id": null,
                        "enumeration_id": null,
                        "id": 8,
                        "list_meta_data": null,
                        "primitive_type": "QString",
                        "property_id": {
                            "id": 8
                        },
                        "user_id_creation": 0,
                        "user_id_modification": 0
                    },
                    "qt_property": "",
                    "reg_exp": "",
                    "relation_id": null,
                    "set_method": "",
                    "user_id_creation": 0,
                    "user_id_modification": 0,
                    "version": 0,
                    "write_accessors": true
                },
                {
                    "accessibility": "protected",
                    "allow_null": true,
                    "app_version": 0,
                    "column_name": "",
                    "description": "",
                    "dt_creation": "20131206222031",
                    "dt_modification": "20170530214131",
                    "entity_id": {
                        "id": 2
                    },
                    "force_sql_alias": "",
                    "force_sql_type": "",
                    "format": "",
                    "get_method": "",
                    "id": 20,
                    "is_index": false,
                    "is_obsolete": false,
                    "is_primary_key": false,
                    "is_read_only": false,
                    "is_serializable": true,
                    "is_transient": false,
                    "is_unique": false,
                    "key": "",
                    "list_meta_data": null,
                    "max_length": "",
                    "max_value": "",
                    "min_length": "",
                    "min_value": "",
                    "name": "list_of_blog",
                    "order_level": 19,
                    "project_version": 0,
                    "property_type_id": {
                        "app_version": 0,
                        "collection": "qx::QxCollection",
                        "decoration": "std::shared_ptr",
                        "default_value": "",
                        "dt_creation": "20131206222031",
                        "dt_modification": "20170530214131",
                        "entity_id": {
                            "id": 4
                        },
                        "enumeration_id": null,
                        "id": 20,
                        "list_meta_data": null,
                        "primitive_type": "",
                        "property_id": {
                            "id": 20
                        },
                        "user_id_creation": 0,
                        "user_id_modification": 0
                    },
                    "qt_property": "",
                    "reg_exp": "",
                    "relation_id": {
                        "app_version": 0,
                        "dt_creation": "20131206222031",
                        "dt_modification": "20170530214131",
                        "extra_table": "t_qxee_blog_category",
                        "foreign_key": "category_id",
                        "foreign_key_owner": "blog_id",
                        "id": 6,
                        "inverse_property_id": {
                            "id": 17
                        },
                        "list_meta_data": null,
                        "property_id": {
                            "id": 20
                        },
                        "type_relation": "many-to-many",
                        "user_id_creation": 0,
                        "user_id_modification": 0
                    },
                    "set_method": "",
                    "user_id_creation": 0,
                    "user_id_modification": 0,
                    "version": 0,
                    "write_accessors": true
                }
            ],
            "name": "category",
            "namespace": "",
            "parent_id": null,
            "project_id": {
                "id": 1
            },
            "project_version": 0,
            "property_id": {
                "accessibility": "protected",
                "allow_null": false,
                "app_version": 0,
                "column_name": "",
                "description": "",
                "dt_creation": "20131206221933",
                "dt_modification": "20140617214115",
                "entity_id": {
                    "id": 2
                },
                "force_sql_alias": "",
                "force_sql_type": "",
                "format": "",
                "get_method": "",
                "id": 6,
                "is_index": true,
                "is_obsolete": false,
                "is_primary_key": true,
                "is_read_only": false,
                "is_serializable": true,
                "is_transient": false,
                "is_unique": false,
                "key": "",
                "list_meta_data": null,
                "max_length": "",
                "max_value": "",
                "min_length": "",
                "min_value": "",
                "name": "category_id",
                "order_level": 5,
                "project_version": 0,
                "property_type_id": {
                    "app_version": 0,
                    "collection": "",
                    "decoration": "",
                    "default_value": "",
                    "dt_creation": "20131206221933",
                    "dt_modification": "20140617214115",
                    "entity_id": null,
                    "enumeration_id": null,
                    "id": 6,
                    "list_meta_data": null,
                    "primitive_type": "QString",
                    "property_id": {
                        "id": 6
                    },
                    "user_id_creation": 0,
                    "user_id_modification": 0
                },
                "qt_property": "",
                "reg_exp": "",
                "relation_id": null,
                "set_method": "",
                "user_id_creation": 0,
                "user_id_modification": 0,
                "version": 0,
                "write_accessors": true
            },
            "soft_delete_column": "",
            "table_name": "t_category",
            "trigger_after_delete": false,
            "trigger_after_fetch": false,
            "trigger_after_insert": false,
            "trigger_after_update": false,
            "trigger_before_delete": false,
            "trigger_before_fetch": false,
            "trigger_before_insert": false,
            "trigger_before_update": false,
            "user_id_creation": 0,
            "user_id_modification": 0,
            "validator_method": "",
            "version": 0
        },
        {
            "app_version": 0,
            "description": "",
            "dt_creation": "20131206221951",
            "dt_modification": "20131206221951",
            "id": 3,
            "is_abstract": false,
            "is_read_only": false,
            "key": "",
            "list_functions": null,
            "list_functions_static": null,
            "list_meta_data": null,
            "list_properties": [
                {
                    "accessibility": "protected",
                    "allow_null": false,
                    "app_version": 0,
                    "column_name": "",
                    "description": "",
                    "dt_creation": "20131206221951",
                    "dt_modification": "20131206221951",
                    "entity_id": {
                        "id": 3
                    },
                    "force_sql_alias": "",
                    "force_sql_type": "",
                    "format": "",
                    "get_method": "",
                    "id": 9,
                    "is_index": true,
                    "is_obsolete": false,
                    "is_primary_key": true,
                    "is_read_only": false,
                    "is_serializable": true,
                    "is_transient": false,
                    "is_unique": false,
                    "key": "",
                    "list_meta_data": null,
                    "max_length": "",
                    "max_value": "",
                    "min_length": "",
                    "min_value": "",
                    "name": "comment_id",
                    "order_level": 8,
                    "project_version": 0,
                    "property_type_id": {
                        "app_version": 0,
                        "collection": "",
                        "decoration": "",
                        "default_value": "",
                        "dt_creation": "20131206221951",
                        "dt_modification": "20131206221951",
                        "entity_id": null,
                        "enumeration_id": null,
                        "id": 9,
                        "list_meta_data": null,
                        "primitive_type": "long",
                        "property_id": {
                            "id": 9
                        },
                        "user_id_creation": 0,
                        "user_id_modification": 0
                    },
                    "qt_property": "",
                    "reg_exp": "",
                    "relation_id": null,
                    "set_method": "",
                    "user_id_creation": 0,
                    "user_id_modification": 0,
                    "version": 0,
                    "write_accessors": true
                },
                {
                    "accessibility": "protected",
                    "allow_null": true,
                    "app_version": 0,
                    "column_name": "",
                    "description": "",
                    "dt_creation": "20131206221951",
                    "dt_modification": "20131206221951",
                    "entity_id": {
                        "id": 3
                    },
                    "force_sql_alias": "",
                    "force_sql_type": "",
                    "format": "",
                    "get_method": "",
                    "id": 10,
                    "is_index": false,
                    "is_obsolete": false,
                    "is_primary_key": false,
                    "is_read_only": false,
                    "is_serializable": true,
                    "is_transient": false,
                    "is_unique": false,
                    "key": "",
                    "list_meta_data": null,
                    "max_length": "",
                    "max_value": "",
                    "min_length": "",
                    "min_value": "",
                    "name": "title",
                    "order_level": 9,
                    "project_version": 0,
                    "property_type_id": {
                        "app_version": 0,
                        "collection": "",
                        "decoration": "",
                        "default_value": "",
                        "dt_creation": "20131206221951",
                        "dt_modification": "20131206221951",
                        "entity_id": null,
                        "enumeration_id": null,
                        "id": 10,
                        "list_meta_data": null,
                        "primitive_type": "QString",
                        "property_id": {
                            "id": 10
                        },
                        "user_id_creation": 0,
                        "user_id_modification": 0
                    },
                    "qt_property": "",
                    "reg_exp": "",
                    "relation_id": null,
                    "set_method": "",
                    "user_id_creation": 0,
                    "user_id_modification": 0,
                    "version": 0,
                    "write_accessors": true
                },
                {
                    "accessibility": "protected",
                    "allow_null": true,
                    "app_version": 0,
                    "column_name": "",
                    "description": "",
                    "dt_creation": "20131206221951",
                    "dt_modification": "20131206221951",
                    "entity_id": {
                        "id": 3
                    },
                    "force_sql_alias": "",
                    "force_sql_type": "",
                    "format": "",
                    "get_method": "",
                    "id": 11,
                    "is_index": false,
                    "is_obsolete": false,
                    "is_primary_key": false,
                    "is_read_only": false,
                    "is_serializable": true,
                    "is_transient": false,
                    "is_unique": false,
                    "key": "",
                    "list_meta_data": null,
                    "max_length": "",
                    "max_value": "",
                    "min_length": "",
                    "min_value": "",
                    "name": "text",
                    "order_level": 10,
                    "project_version": 0,
                    "property_type_id": {
                        "app_version": 0,
                        "collection": "",
                        "decoration": "",
                        "default_value": "",
                        "dt_creation": "20131206221951",
                        "dt_modification": "20131206221951",
                        "entity_id": null,
                        "enumeration_id": null,
                        "id": 11,
                        "list_meta_data": null,
                        "primitive_type": "QString",
                        "property_id": {
                            "id": 11
                        },
                        "user_id_creation": 0,
                        "user_id_modification": 0
                    },
                    "qt_property": "",
                    "reg_exp": "",
                    "relation_id": null,
                    "set_method": "",
                    "user_id_creation": 0,
                    "user_id_modification": 0,
                    "version": 0,
                    "write_accessors": true
                },
                {
                    "accessibility": "protected",
                    "allow_null": true,
                    "app_version": 0,
                    "column_name": "",
                    "description": "",
                    "dt_creation": "20131206222031",
                    "dt_modification": "20170530214118",
                    "entity_id": {
                        "id": 3
                    },
                    "force_sql_alias": "",
                    "force_sql_type": "",
                    "format": "",
                    "get_method": "",
                    "id": 19,
                    "is_index": false,
                    "is_obsolete": false,
                    "is_primary_key": false,
                    "is_read_only": false,
                    "is_serializable": true,
                    "is_transient": false,
                    "is_unique": false,
                    "key": "",
                    "list_meta_data": null,
                    "max_length": "",
                    "max_value": "",
                    "min_length": "",
                    "min_value": "",
                    "name": "blog_id",
                    "order_level": 18,
                    "project_version": 0,
                    "property_type_id": {
                        "app_version": 0,
                        "collection": "qx::QxCollection",
                        "decoration": "std::shared_ptr",
                        "default_value": "",
                        "dt_creation": "20131206222031",
                        "dt_modification": "20170530214118",
                        "entity_id": {
                            "id": 4
                        },
                        "enumeration_id": null,
                        "id": 19,
                        "list_meta_data": null,
                        "primitive_type": "",
                        "property_id": {
                            "id": 19
                        },
                        "user_id_creation": 0,
                        "user_id_modification": 0
                    },
                    "qt_property": "",
                    "reg_exp": "",
                    "relation_id": {
                        "app_version": 0,
                        "dt_creation": "20131206222031",
                        "dt_modification": "20170530214118",
                        "extra_table": "",
                        "foreign_key": "",
                        "foreign_key_owner": "",
                        "id": 4,
                        "inverse_property_id": {
                            "id": 16
                        },
                        "list_meta_data": null,
                        "property_id": {
                            "id": 19
                        },
                        "type_relation": "many-to-one",
                        "user_id_creation": 0,
                        "user_id_modification": 0
                    },
                    "set_method": "",
                    "user_id_creation": 0,
                    "user_id_modification": 0,
                    "version": 0,
                    "write_accessors": true
                }
            ],
            "name": "comment",
            "namespace": "",
            "parent_id": null,
            "project_id": {
                "id": 1
            },
            "project_version": 0,
            "property_id": {
                "accessibility": "protected",
                "allow_null": false,
                "app_version": 0,
                "column_name": "",
                "description": "",
                "dt_creation": "20131206221951",
                "dt_modification": "20131206221951",
                "entity_id": {
                    "id": 3
                },
                "force_sql_alias": "",
                "force_sql_type": "",
                "format": "",
                "get_method": "",
                "id": 9,
                "is_index": true,
                "is_obsolete": false,
                "is_primary_key": true,
                "is_read_only": false,
                "is_serializable": true,
                "is_transient": false,
                "is_unique": false,
                "key": "",
                "list_meta_data": null,
                "max_length": "",
                "max_value": "",
                "min_length": "",
                "min_value": "",
                "name": "comment_id",
                "order_level": 8,
                "project_version": 0,
                "property_type_id": {
                    "app_version": 0,
                    "collection": "",
                    "decoration": "",
                    "default_value": "",
                    "dt_creation": "20131206221951",
                    "dt_modification": "20131206221951",
                    "entity_id": null,
                    "enumeration_id": null,
                    "id": 9,
                    "list_meta_data": null,
                    "primitive_type": "long",
                    "property_id": {
                        "id": 9
                    },
                    "user_id_creation": 0,
                    "user_id_modification": 0
                },
                "qt_property": "",
                "reg_exp": "",
                "relation_id": null,
                "set_method": "",
                "user_id_creation": 0,
                "user_id_modification": 0,
                "version": 0,
                "write_accessors": true
            },
            "soft_delete_column": "",
            "table_name": "t_comment",
            "trigger_after_delete": false,
            "trigger_after_fetch": false,
            "trigger_after_insert": false,
            "trigger_after_update": false,
            "trigger_before_delete": false,
            "trigger_before_fetch": false,
            "trigger_before_insert": false,
            "trigger_before_update": false,
            "user_id_creation": 0,
            "user_id_modification": 0,
            "validator_method": "",
            "version": 0
        }
    ],
    "list_comments": [
        {
            "app_version": 0,
            "comment_text": "- Design the entity model in few minutes\n\n- Generate C++ persistent classes automatically\n\n- Generate DDL SQL script automatically\n\n- Manage schema evolution for each project version\n\n- Compile C++ native code everywhere : Windows, Linux, MacOSX, Android, iOS, etc...\n\n- Transfer your data model over network and create quickly client/server applications",
            "comment_text_html": false,
            "comment_title": "qxBlog project",
            "dt_creation": "20131206222130",
            "dt_modification": "20140107093142",
            "id": 1,
            "list_meta_data": null,
            "user_id_creation": 0,
            "user_id_modification": 0
        }
    ],
    "list_enumerations": [
        {
            "app_version": 0,
            "description": "",
            "dt_creation": "20131206221840",
            "dt_modification": "20131210205552",
            "id": 1,
            "key": "",
            "list_meta_data": null,
            "list_of_key_value": {
                "female": "2",
                "male": "1",
                "unknown": "3"
            },
            "name": "sex",
            "namespace": "",
            "project_id": {
                "id": 1
            },
            "project_version": 0,
            "qt_enum": false,
            "user_id_creation": 0,
            "user_id_modification": 0,
            "version": 0
        }
    ],
    "list_groups": null,
    "list_meta_data": null,
    "list_namespaces": null,
    "location": "C:/Dvlp/_Perso/_QxEE/QxEntityEditor_Test",
    "name": "qxBlog",
    "project_guid": "{16335d56-73ac-48cf-8fcd-f74cc7d97201}",
    "project_parameters": {
        "app_version": 0,
        "default_entity_namespace": "",
        "default_primary_key_type": "long",
        "default_property_type": "QString",
        "dt_creation": "20131206221737",
        "dt_modification": "20131206221737",
        "id": 1,
        "list_meta_data": null,
        "lst_plugin_script": {
        },
        "primary_key_prefix": "",
        "primary_key_suffix": "_id",
        "project_id": {
            "id": 1
        },
        "table_name_prefix": "t_",
        "table_name_suffix": "",
        "user_id_creation": 0,
        "user_id_modification": 0
    },
    "user_id_creation": 0,
    "user_id_modification": 0,
    "version": 0
}
